"","add0","add1","add2","add3","mwqg"
"1","","남동구","수산동","595-47",5
"2","가평군","가평읍","복장리","복장초교앞",6.28571428571429
"3","가평군","가평읍","읍내리","가평교",2.75
"4","가평군","북면","도대리",NA,2
"5","가평군","북면","목동리",NA,1.75
"6","가평군","상면","덕현리(산장2교)",NA,7
"7","가평군","상면","항사리",NA,2
"8","가평군","외서면","고성리","양진국교앞",2.9375
"9","가평군","외서면","호명리","댐앞",4.14285714285714
"10","가평군","외서면","호명리","호명나루터앞",2
"11","가평군","청평면","","유원지",2
"12","가평군","청평면","유원지",NA,2
"13","가평군","청평면","청평리","청평교",5.57142857142857
"14","가평군","청평면","청평리","청평댐",4.14285714285714
"15","가평군","하면","하판리",NA,2
"16","강남구","대치동","","대치교",2
"17","강남구","대치동","대치교",NA,4
"18","강남구","삼성동","","도보교",4.5
"19","강남구","삼성동","도보교",NA,5
"20","강동구","강일동(망월2교)",NA,NA,6.09090909090909
"21","강동구","고덕동","","고덕천교",3.5
"22","강동구","고덕동","고덕천교",NA,4
"23","강동구","상일동(상일3교)",NA,NA,5
"24","강동구","성내동","","잠실철교",2.66666666666667
"25","강동구","성내동","잠실철교",NA,3
"26","강동구","암사동","","암사취수장앞",3
"27","강동구","천호동","","광진교",5.5
"28","강릉시","강문동",NA,NA,4.75
"29","강릉시","내곡동","","내곡교",7
"30","강릉시","내곡동","내곡교",NA,2
"31","강릉시","성산면","구산리","구산교",1
"32","강릉시","옥계면","주수리","주수교",2
"33","강릉시","저동","경포대앞",NA,5.5
"34","강릉시","주문진읍","향호리",NA,4
"35","강서구","가양동","","구암공원앞",6.2
"36","강서구","강동동","","강동교",5
"37","강서구","강동동","","김해교",4
"38","강서구","강동동","","조만교",6
"39","강서구","녹산동","","녹산2교",5.77777777777778
"40","강서구","녹산동","","둔치2교",5.5
"41","강서구","명지동","명지도선장앞",NA,5.55555555555556
"42","강서구","송정동","1506-10","녹송2호교",2.9
"43","강서구","식만동","","시만교",4
"44","강진군","강진읍","학명리","",3
"45","강진군","군동면","석교리","석교교.",4
"46","강진군","병영면","삭양리","삭양교",3.1
"47","강진군","옴천면","봉림리","봉림교",1.95833333333333
"48","강화군","내가면","","내가1교",5
"49","강화군","내가면","내가1교",NA,6
"50","강화군","선원면","","선행교",5.5
"51","강화군","선원면","선행교",NA,4
"52","거제시","삼거동　",NA,NA,1
"53","거제시","신현읍","들고래",NA,1.85714285714286
"54","거제시","연초면","다공리","연초교",3
"55","거제시","연초면","덕사리",NA,2.63636363636364
"56","거제시","연초면","명동리",NA,2
"57","거제시","연초면","이목리","댐중앙",2.41176470588235
"58","거창군","거창읍","대동리","아월교",2.25
"59","거창군","거창읍","서변리","학리교",2.4
"60","거창군","거창읍","중앙리","중앙교",2
"61","거창군","기조면","","지산교",7
"62","거창군","남상면","임불리","가천천합류전황강본류",2.41379310344828
"63","거창군","남하면","대야리","거창골동품경매장밑",3
"64","거창군","남하면","무릉리","남하교",2.41666666666667
"65","거창군","마리면","영승리","계동교",1.7
"66","경산시","진량읍","부기리","부하교",5.64705882352941
"67","경산시","하양읍","부호리","대부",4.66666666666667
"68","경주시","감포읍","오류리","댐앞",1.82352941176471
"69","경주시","강동면","단구리","달성교",4.33333333333333
"70","경주시","강동면","안계리",NA,3.57142857142857
"71","경주시","강동면","인동리","강동대교",3
"72","경주시","내남면","노곡리","노곡보",2
"73","경주시","보문동","댐앞",NA,4
"74","경주시","보문동","호텔학교앞",NA,4
"75","경주시","산내면","신원리","매곡교",1.80769230769231
"76","경주시","양북면","구길리","구길교　",2.5
"77","경주시","천북면","모아리",NA,5
"78","경주시","탑동","","나정교",2
"79","계룡시","두마면","광석리","화악교",3.75
"80","계룡시","엄사면","엄사리","두계교",2.42857142857143
"81","계양구","계양동","","굴포2교",4.6
"82","계양구","계양동","굴포2교",NA,6
"83","계양구","박촌동(박촌1교)",NA,NA,5.36
"84","계양구","장기동","","귤현나루",5
"85","계양구","장기동","귤현나루",NA,4
"86","고령군","성산면","성산로","1140(삼대리",5
"87","고령군","우곡면","객기리","객기양수장",2.5
"88","고령군","우곡면","사촌리","도진교",3
"89","고령군","운수면","화암리","작천교",2
"90","고성군","간성읍","상리","북천교",7
"91","고성군","고성읍","","태평식품앞",3.25
"92","고성군","죽왕면","오봉리",NA,7
"93","고성군","토성면","용촌리",NA,4
"94","고성군","토성면","천진리",NA,5
"95","고성군","현내면","초도리",NA,4
"96","고양시","덕양구","삼송동","삼송교",3.66666666666667
"97","고양시","덕양구","선유동(능선교)",NA,2.71428571428571
"98","고양시","덕양구","신원동","벽제교밑",3
"99","고양시","덕양구","용두동",NA,4
"100","고양시","덕양구","지축동(통일교)",NA,3.38461538461538
"101","고양시","덕양구","행주외동","행주대교",4.71428571428571
"102","고양시","덕양구","효자동(장산교)",NA,4.5
"103","고양시","일산동구","설문동(설문교)",NA,5.6
"104","고양시","일산동구","지영동(지영교)",NA,4.31578947368421
"105","고양시","일산서구","법곳동","일산대교",5
"106","고창군","부안면","용산리",NA,2
"107","고창군","아산면","구암리","구암교",2.5
"108","고흥군","금산면","오천리","오천교",2.14285714285714
"109","곡성군","고달면","목동리","고달교",3
"110","곡성군","목사동면","신기리","보성강교",2
"111","곡성군","오곡면","압록리","예성교",3
"112","곡성군","죽곡면","유봉리","태안교",2
"113","곡성군","죽곡면","하한리","압록교",2.11111111111111
"114","공주시","금성동","","금강교",4.14285714285714
"115","공주시","반포면","국곡리","세월교",3.1
"116","공주시","상월면","신충리","월오교",3
"117","공주시","신관동","","정안천교",4
"118","공주시","우성면","동대리길","72-50(동대리",2.8
"119","공주시","우성면","신웅리","공주보",4.33333333333333
"120","공주시","웅진동","","곰나루터",3.83333333333333
"121","공주시","탄천면","분강리",NA,4.33333333333333
"122","광명시","소하동(기아대교)",NA,NA,5.8125
"123","광산구","광산동","","오룡교",3.5
"124","광산구","본덕동","","옥동교",5.85714285714286
"125","광산구","서봉동","","송정취수장",3
"126","광산구","신동","","신동교",4.22222222222222
"127","광산구","월곡동","","월곡철교",5.66666666666667
"128","광산구","월곡동","684-4","도보교",5
"129","광산구","지평동(죽산교)",NA,NA,2
"130","광산구","황룡동","","송정2교",4.11111111111111
"131","광양시","광양읍","칠성리","서천교",2
"132","광양시","광영동","","십리제방",5
"133","광양시","광영동","십리제방",NA,5
"134","광양시","금호동","634","간선수로",4.3
"135","광양시","진상면","비평리",NA,2
"136","광양시","진상면","섬거리","댐앞",1.88888888888889
"137","광양시","진상면","황죽리","황죽교",1
"138","광양시","진월면","망덕리","섬진강휴게소",3.5
"139","광주시","곤지암읍","신대리(신대교)",NA,3.4
"140","광주시","광주읍","경안리","경안교",3
"141","광주시","남종면","분원리",NA,3.8
"142","광주시","송정동(지월새마을교)",NA,NA,3.71428571428571
"143","광주시","오포읍","매산리","매산리보",4.4
"144","광주시","초월면","서하리","서하교",3.85714285714286
"145","광주시","초월면","서하리(서하보)","서하보",3.72
"146","광주시","초월면","지월리",NA,2
"147","광주시","초월읍","무갑리(무갑교)",NA,2.57142857142857
"148","광주시","초월읍","지월리(경수교)",NA,2.71428571428571
"149","광주시","회덕동(회덕교)",NA,NA,4.28571428571429
"150","괴산군","괴산읍","동부리","동진교",2.5
"151","괴산군","괴산읍","서부리","정용교",2
"152","괴산군","불정면","목도리","목도교",5.75
"153","괴산군","불정면","창산리","남창교",3
"154","괴산군","불정면","하문리","조곡교",5.45833333333333
"155","괴산군","청천면","덕평리","운교",2.25
"156","괴산군","청천면","화양리","화양제1교",1.71428571428571
"157","괴산군","칠성면","","괴강교",3.66666666666667
"158","괴산군","칠성면","괴강교",NA,2
"159","괴산군","칠성면","도정리","칠성교",2.23076923076923
"160","괴산군","칠성면","사은리",NA,2
"161","괴산군","칠성면","쌍곡리","쌍곡교",2
"162","괴산군","칠성면","외사리","댐앞",5.75
"163","구례군","간전면","간전중앙로","47(간전교)",2.75
"164","구례군","구례읍","계산리","유곡나루터",3.66666666666667
"165","구로구","개봉동","","남부순환도로밑",4
"166","구로구","개봉동","남부순환도로밑",NA,4.5
"167","구로구","구로동","","오금교",6
"168","구로구","구로동(무명교)",NA,NA,4.90909090909091
"169","구로구","구로동(안양교)",NA,NA,5.97058823529412
"170","구리시","수택동","","왕숙교",3.5
"171","구리시","수택동","왕숙교",NA,4
"172","구리시","토평동","","강동대교",7
"173","구리시","토평동","한강합류전","구리하수처리장하류",4
"174","구미시","거의동","","거의교",3.75
"175","구미시","거의동","거의교",NA,3.5
"176","구미시","고아면","오로리","선주교",2
"177","구미시","고아읍","봉한4안길","242(봉한리",3.33333333333333
"178","구미시","도개면","강동로","2695(신림리",4
"179","구미시","산동면","백현리","무명교",4.5
"180","구미시","선산읍","독동리","구미보",3.64
"181","구미시","선산읍","어강길","201-24(원리",2
"182","구미시","오태동","125-12","광평천",4
"183","구미시","장천면","상장리","신장교",3.57142857142857
"184","군산시","대야면","광교리","원두교",5.625
"185","군산시","소룡동","1598","GM대우",7
"186","군위군","고로면","학성리129(학성교)",NA,3.6
"187","군위군","고로면","화북리1128(취수탑앞)",NA,4
"188","군위군","군위읍","무성리","무성교",7
"189","군위군","소보면","사리리","사리교",3.75
"190","군위군","효령면","불로리","남강대교",2.27272727272727
"191","군위군고로면","양지리","698-1(동곡교)",NA,3.5
"192","군포시","당정동","","구",5
"193","군포시","당정동(애자교)",NA,NA,2.68421052631579
"194","금남면","성덕리","","성덕교",2.66666666666667
"195","금산군","군북면","상곡리","상곡교",1.85714285714286
"196","금산군","복수면","지량리","징검다리식보",2.05263157894737
"197","금산군","부리면","수통리","적벽교",2.2
"198","금산군","제원면","남사길","73(명암리",3
"199","금산군","제원면","저곡리","제원대교",2
"200","금산군","제원면","천내리","원골",2.75
"201","금산군","추부면","성당리","도계교",3.27272727272727
"202","금정구","선동","","신천교",2
"203","김제시","백구면","마산리","마산교",7
"204","김제시","백구면","백구리","백구제수문앞",5.625
"205","김제시","봉남면","용신리","원평교",4
"206","김제시","부량면","옥정리","군포교",4.55555555555556
"207","김제시","성덕면","남포리","수교",7
"208","김제시","죽산면","대창리","해창제수문",6.25
"209","김제시","죽산면","죽산리","죽산교",4
"210","김천시","감문면","태촌리","감포교",2.66666666666667
"211","김천시","남면","부상리","김천시-칠곡군",3
"212","김천시","남면","월평리","김천시-성주군경계",2.15789473684211
"213","김천시","대광동","868","소하천",7
"214","김천시","부항면","신옥리","145",2.85714285714286
"215","김천시","아포읍","송천리","무명교",4.66666666666667
"216","김천시","증산면","유성리","은적1교",1.88235294117647
"217","김천시","지례면","울곡리","중리교",2.26086956521739
"218","김천시","지좌동","","김천교",2
"219","김포시","감정동(나진포1교)",NA,NA,5.54166666666667
"220","김포시","고촌읍","신곡리",NA,4.66666666666667
"221","김포시","풍무동(원당교)",NA,NA,5.14285714285714
"222","김해시","삼계동","(삼계교)","삼계교",3
"223","김해시","삼정동","","어방교",3.5
"224","김해시","생림면","","금곡교",6
"225","김해시","생림면","금곡교",NA,4
"226","김해시","생림면","마사리","마사양수장",4.28571428571429
"227","김해시","전하동","","전하교",2.5
"228","김해시","진영읍","좌곤리","좌곤교",3.05
"229","나주시","공산면","복용리","새마을교",6.14285714285714
"230","나주시","금천면","신가리","지석대교",4.75
"231","나주시","금천면","신천리","새마을교",5.33333333333333
"232","나주시","남평읍","산포면","평산리",4.66666666666667
"233","나주시","남평읍","수원리","남평교",4
"234","나주시","노안면","학산리","승촌보",6.3
"235","나주시","다도면","신동리",NA,3.17391304347826
"236","나주시","다도면","판촌리","댐앞",3
"237","나주시","다시면","가흥리","영동교",3.28571428571429
"238","나주시","다시면","동당리","석관정나루터.",6.5
"239","나주시","동강면","월송리","몽탄양수장앞",6.25
"240","나주시","삼도동","","나주대교",6.8
"241","나주시","석현동","","구석현교",6.625
"242","나주시","세지면","성산리","마을교량",3.5
"243","나주시","왕곡면","무숙로","247-26(옥곡리",6.28571428571429
"244","나주시","운곡동","","양곡교",4.7
"245","나주시","진포동","","구진포나루터",6.2
"246","남구","고사동","110-32","SK",7
"247","남구","매암동","410-1","미원화학(주)",7
"248","남구","매암동","472-8","여천3교",6
"249","남구","무거동","","삼호1교",1
"250","남구","무거동","","신삼호교",2
"251","남구","무거동","신삼호교",NA,2
"252","남구","삼산동","","학성교",3
"253","남구","삼산동","학성교",NA,4
"254","남구","선암동","댐중앙",NA,3.23809523809524
"255","남구","성암동","48-18","금호석유화학",6
"256","남구","신정동","","태화교",3
"257","남구","신정동","태화교",NA,2
"258","남구","야음동","","유화교",6
"259","남양주시","별내동(퇴계원교)",NA,NA,4.63157894736842
"260","남양주시","삼패동","","석실교",4
"261","남양주시","수동면","송천리(오류동교)",NA,5.8125
"262","남양주시","와부읍","덕소리","덕소1교",6
"263","남양주시","와부읍","덕소리","월문교",2.5
"264","남양주시","와부읍","도곡리","덕소고교아래",7
"265","남양주시","와부읍","도곡리","도곡취수장옆",4.4
"266","남양주시","와부읍","도곡리","동막취수장",3.15384615384615
"267","남양주시","와부읍","팔당리(팔당대교)","팔당대교",6.33333333333333
"268","남양주시","조안면","능내리","댐앞",2.97005988023952
"269","남양주시","조안면","삼봉리",NA,4.14285714285714
"270","남양주시","진건면","신월리","신월교",3.25
"271","남양주시","진접읍","내각리","내각교",2.25
"272","남양주시","퇴계원면(진관교)",NA,NA,3.375
"273","남양주시","화도읍","구암리","구운교",2
"274","남양주시","화도읍","금남리",NA,3.5
"275","남원시","금지면","창산리","금지교",3
"276","남원시","금지면","하도리","금곡교",3.33333333333333
"277","남원시","대강면","월탄리","대풍교",3
"278","남원시","대강면","풍산리","암거형수로",2.41176470588235
"279","남원시","덕과면","사율리","율천교",3.34615384615385
"280","남원시","사내면","서도리","수촌교",3.23529411764706
"281","남원시","산동면","월석리","월석교",1.85714285714286
"282","남원시","송동면","세전리","요천대교",4
"283","남원시","운봉읍","중군리","중군교",5.33333333333333
"284","남해군","남해읍","선소리","입현교",1
"285","노원구","상계동","노원교",NA,4
"286","논산시","가야곡면","병암리",NA,2.25
"287","논산시","가야곡면","종연리",NA,2.88888888888889
"288","논산시","강경읍","북옥리","강경천",4.66666666666667
"289","논산시","강경읍","황산리","황산대교",4.75
"290","논산시","광석면","항월리","노성대교",5
"291","논산시","대교동","","논산대교",3.5
"292","논산시","대교동","논산대교",NA,4
"293","논산시","성동면","개척리",NA,4.25
"294","논산시","성동면","원북리","경교",5.5
"295","논산시","양촌면","신기리","세월교",1.5
"296","논산시","양촌면","신흥리","신흥교",5.28571428571429
"297","논산시","연무읍","봉동리","황화교",7
"298","논산시","채운면","장화리","영창교",7
"299","단양군","가곡면","가대리","본류가대교",5.75
"300","단양군","가곡면","덕천리","덕천교",2
"301","단양군","가곡면",NA,NA,3
"302","단양군","단성면","장회리","장회나루터",2.55555555555556
"303","단양군","단양읍","","단양1교",3.33333333333333
"304","단양군","단양읍","장회리","구봉담앞",2.4
"305","단양군","영춘면","오사리","북벽교",3.85185185185185
"306","달서구","파호동","","강창교",5.36363636363636
"307","달성구","월성2동","대천교",NA,7
"308","달성군","가창면","오동",NA,2.16666666666667
"309","달성군","구지면","대암리","우곡교",5.5
"310","달성군","논공읍","남리","471-73",6
"311","달성군","논공읍","하리","달성보",4.70588235294118
"312","달성군","다사읍","죽곡리","강정고령보",4.16666666666667
"313","달성군","다사읍","죽곡리","강정취수장",4
"314","달성군","하빈면","","성주대교",5.5
"315","달성군","하빈면","봉촌리","봉촌교",6.30434782608696
"316","달성군","현풍면","성하리","박석진교",4
"317","달성군","현풍면","오산리","오산교",6.65384615384615
"318","달성군","화원읍","","사문진교",4.66666666666667
"319","달성군","화원읍","사문진교",NA,3
"320","담양군","고서면","보촌리","보촌교",3.6
"321","담양군","고서면","분향리","댐앞",2.25
"322","담양군","금성면","대성리","댐앞",2
"323","담양군","남면","학선리",NA,3
"324","담양군","담양읍","금월리","금월교",4.08
"325","담양군","용면","월계리",NA,2
"326","당진군","당진읍","","탑동교",3
"327","당진군","당진읍","탑동교",NA,3
"328","당진군","석문면","초락도리",NA,6
"329","당진군","송산면","당산리","오도교",5.5
"330","당진군","합덕읍","옥금리","구양교",5
"331","당진시","신평면","신송리(신포교)",NA,5.6
"332","대덕구","오정동","","한밭대교",2.5
"333","대덕구","용호동","","수도교",2.4
"334","대덕구","용호동","수도교",NA,3.75
"335","도봉구","도봉동","","상도교",4.75
"336","도봉구","도봉동","상도교",NA,5.66666666666667
"337","동구","추동","","추동취수탑",3
"338","동구","추동",NA,NA,3.125
"339","동구","학동","","방학교",5
"340","동구","효목동","","제1아양교",7
"341","동대문구","신설동","","성북천교",1.5
"342","동대문구","신설동","성북천교",NA,2
"343","동대문구","용두동","","정릉천교",3
"344","동대문구","용두동","정릉천교",NA,5
"345","동대문구","장안동","장안교",NA,4
"346","동두천시","생연동","","신천교",7
"347","동두천시","생연동","신천교",NA,7
"348","동두천시","하봉암동","327-50","하봉암교",7
"349","동래구","안락동","연안교",NA,3
"350","동래구","안락동","원동교",NA,6
"351","동작구","신대방동","","신대방역",2
"352","동작구","신대방동","신대방역",NA,7
"353","동해시","신흥동","","신흥국교앞",1.5
"354","동해시","이로동","댐중앙",NA,1.85714285714286
"355","마포구","성산동","","불광천",3.66666666666667
"356","마포구","성산동","불광천","합류점밑",3
"357","목포시","옥암동","방조제앞",NA,4.08695652173913
"358","무안군","몽탄면","명산리","몽탄대교",5.09677419354839
"359","무안군","무안읍","용월리","송촌교상류교량",6.33333333333333
"360","무안군","삼향읍","","방조제앞",4.4
"361","무안군","일로읍","용산리","양도앞",4.5
"362","무주군","무주읍","용포리","용포교",7
"363","무주군","무주읍","읍내리","금강본류합류전",2.55555555555556
"364","무주군","무주읍","읍내리","중앙교",4.5
"365","무주군","안성면","진도리","세월교",2.42857142857143
"366","문경시","영순면","김용리",NA,2.75
"367","문경시","영순면","말응리","낙동강합류점",2.85714285714286
"368","문경시","영순면","말응리","물탕거리앞",2.9
"369","밀양시","가곡동","(예림교)","예림교",2
"370","밀양시","단장면","고례리","댐앞",1.22222222222222
"371","밀양시","단장면","고례리",NA,1.5
"372","밀양시","무안면","성덕리","강동교",2.85714285714286
"373","밀양시","삼랑진읍","삼랑리","삼랑진교",5.08
"374","밀양시","삼문동","(밀양교)","밀양교",2.5
"375","밀양시","상남면","평촌리","삼상교",4.42857142857143
"376","밀양시","상동면","고정리","무명교",3.30434782608696
"377","밀양시","상동면","옥산리","상동교",3.5
"378","밀양시","하남읍","수산리","수산교",6.18181818181818
"379","보령시","대천동","","동대교",4.33333333333333
"380","보령시","대천동","동대교",NA,4
"381","보령시","미산면","도화담리",NA,1.5
"382","보령시","미산면","풍계리",NA,2.28571428571429
"383","보령시","웅천읍","노천리","노천교",3
"384","보령시","웅천읍","용수리","금고개앞",2.47058823529412
"385","보령시","웅천읍","평나리",NA,2.14285714285714
"386","보성군","겸백면","석호리","숙호교",2.71428571428571
"387","보성군","겸백면","용산리","댐앞",3
"388","보성군","겸백면","용산리","보성강댐앞",4.75
"389","보성군","겸백면","용산리",NA,3.5
"390","보성군","겸백면","평호리","겸백중교앞",2.5
"391","보성군","문덕면","덕지리","문덕교",2
"392","보성군","보성읍","대야리","모령원교",2.875
"393","보은군","내북면","이원리","이원초교",1.33333333333333
"394","보은군","보은읍","죽전리","보은교",2.33333333333333
"395","보은군","수한면","교암리","병원리버스정류장",2
"396","보은군","탄부면","임한리(탄부교)",NA,2
"397","보은군","회남면","회남로","1530(신곡리",2
"398","봉화군","명호면","관창리","양삼교",2.33333333333333
"399","봉화군","석포면","대현리","석포대교",2
"400","봉화군","석포면","승부리(결둔교)",NA,5.33333333333333
"401","봉화군","석포면","승부리(승부역)",NA,4.5
"402","봉화군","소천면","분천리","회룡천말단",2.44444444444444
"403","봉화군","소천면","현동리","현동교",7
"404","부강면","금호리",NA,NA,4
"405","부강면","부강리","","동양시멘트옆",4.1
"406","부강면","부강리","","세월교",4.36363636363636
"407","부안군","동진면","하장리","팔왕교",5
"408","부안군","동진면","하장리","하장제수문",5.5
"409","부안군","변산면","중계리","댐앞",2
"410","부안군","변산면","중계리",NA,2
"411","부안군","상서면","청림리","다리앞　",1.5
"412","부안군","상서면","청림리",NA,2
"413","부여군","규암면","금암리","세월교",3.8
"414","부여군","규암면","모리","모리교",3
"415","부여군","규암면","외리","백제교",3.6
"416","부여군","규암면","호암리","백마강교",5
"417","부여군","석성면","석성리","동성교",5.5
"418","부여군","양화면","내성리","웅포대교",4.4
"419","부여군","장암면","석동리","석동교",5
"420","부여군","장암면",NA,NA,4.5
"421","부여군","초촌면","송정리","군계교",3.85714285714286
"422","부천시","오정구","삼정동","천상교",4.5
"423","부천시","원미구상동(삼산4교)",NA,NA,4.45454545454545
"424","북구","구포동","","구포대교",4.33333333333333
"425","북구","구포동","","덕천교",7
"426","북구","구포동","구포대교",NA,5.5
"427","북구","금곡동","","금곡지하철역",4.125
"428","북구","금호동","561-1","달서천",6
"429","북구","동림동(산동교)",NA,NA,4
"430","북구","명촌동","","명촌대교",2.5
"431","북구","명촌동","명촌대교",NA,3.5
"432","북구","산격동","","무태교",7
"433","북구","신용산길","460","(용전교)",4.375
"434","북구","진장동","","병영교",3
"435","북구","진장동","병영교",NA,4
"436","북구","침산동","침산교",NA,5.5
"437","북구","팔달동","","팔달교",7
"438","북구","팔달동",NA,NA,7
"439","북구","호계동","","신답교",4
"440","북구","호계동","","이화제일APT옆",3
"441","북구","호계동","신답교",NA,4
"442","북구","호계동","이화제일APT옆",NA,5.5
"443","북구","화명동","","화명교",2.66666666666667
"444","사상구","감전동","서부산낙동강교",NA,5.5
"445","사상구","엄궁동","","엄궁교",4
"446","사상구","주례동","","교도소입구",4.5
"447","사상구","학장동","","구덕터널입구",4
"448","사천시","곤명면","연평리",NA,1.5
"449","사천시","곤양면","대진리","사천터널앞　",5
"450","사천시","사천읍","수석리","용당교　",5
"451","사하구","장림동","1118","장림2교",7
"452","사하구","하단동","","을숙도",4.36363636363636
"453","사하구","하단동","방조제앞",NA,3.8695652173913
"454","산청군","금서면","자혜리","자혜교",1
"455","산청군","단성면","묵곡리","묵곡교",2.54545454545455
"456","산청군","단성면","자양리","자양교",1.75
"457","산청군","생초면","어서리","고읍교",2.2
"458","산청군","신안면","하정리","토현교",3
"459","삼척시","남양동","","오십교",1.66666666666667
"460","삼척시","도계읍","신기리","신기교",5.75
"461","삼척시","사직동","","삼척교",1
"462","삼척시","원덕읍","월천리","월천교",4.85714285714286
"463","삼척시","하장면","광동리","댐여수로부근",2.8695652173913
"464","삼척시","하장면","숙암리","하류",1
"465","상주시","낙동면","낙동리","낙단대교",3.28571428571429
"466","상주시","낙동면","낙동리","낙단보",3.33333333333333
"467","상주시","도남동","","상주보",3
"468","상주시","병성동","","승천원",4.55555555555556
"469","상주시","사벌면","퇴강리","상풍교",3
"470","상주시","중동면","상주다인로","392-9(신암리",2.69230769230769
"471","상주시","중동면","우물리","우물교",4.14285714285714
"472","상주시","함창읍","금곡리","금곡교",3.8
"473","서구","가좌동","600-1","중봉대로",7
"474","서구","경서동","","383-2(빈정교)",4.25
"475","서구","경서동","수도권매립지앞",NA,6.25
"476","서구","마륵동","","극락교",6.5
"477","서구","마륵동","극락교",NA,6.66666666666667
"478","서구","봉곡동","","봉곡2교",2.5
"479","서구","서창둑길","25(서창동","598-2)",6.34615384615385
"480","서구","용문동","수침교",NA,2.33333333333333
"481","서구","월평동","","만년교",2.66666666666667
"482","서구","정림동","","가수원교",2
"483","서구","치평동","","하수처리장상류",5.71428571428571
"484","서구","치평동","","하수처리장앞",6.44444444444444
"485","서구","치평동","하수처리장상류","1km",7
"486","서귀포시","서귀동","","서복",4.75
"487","서산시","고북면","사기리",NA,6
"488","서산시","대산읍","운산리",NA,6.14285714285714
"489","서산시","대산읍","화곡리",NA,5.8
"490","서산시","덕지천동","","대교",2.5
"491","서산시","부석면","봉낙리",NA,7
"492","서산시","부석면","창리","댐앞",7
"493","서산시","부석면","취평리","장검교",7
"494","서산시","수석동","","청지천교",7
"495","서산시","인지면","둔당리","둔당교",4.9
"496","서천군","기산면","원길리",NA,4
"497","서천군","마서면","도삼리","금강",6.5
"498","서천군","마서면","신포리","장신교",4.2
"499","서천군","서천읍","오석리","오산교",5.1
"500","서천군","화양면","당선리","방조제앞",5
"501","서천군","화양면","옥포리",NA,5
"502","서천군","화양면","완포리",NA,4
"503","서초구","우면동(우면교)",NA,NA,4.3125
"504","성남시","분당구","구미동(오리교)",NA,4.875
"505","성남시","분당구","동원동(머내2교)",NA,2.27272727272727
"506","성남시","수정구","복정동","대왕교",4.84210526315789
"507","성남시","중원구","성남동","여수대교",3.5
"508","성동구","사근동","","중랑천",3.66666666666667
"509","성동구","사근동","중랑천","합류전",2.5
"510","성동구","성수1동","","성동교",4.5
"511","성동구","성수동","","성수대교",4
"512","성동구","하왕십리동","무학교",NA,1.25
"513","성북구","석관동","중랑천","합류전",7
"514","성주군","가천면","창천리","가천교",5.75
"515","성주군","선남면","선원리","선원교",3
"516","성주군","용암면","동락리","성주군-고령군",4
"517","속초시","장사동",NA,NA,6
"518","속초시","중앙동",NA,NA,4.75
"519","송파구","방이동(서부교)",NA,NA,5.18181818181818
"520","송파구","신천동","","잠실대교",2
"521","수성구","가천동","","가천교",5
"522","수성구","신매동","","신매교",3.8
"523","수성구","신매동","신매교",NA,4.5
"524","수영구","수영동","민락교",NA,5
"525","수원시","권선구","당수동","무명교",6.6
"526","수원시","권선구","서둔동",NA,5.8
"527","수원시","권선구","평리동(배양교)","대황교밑",5.5
"528","수원시","장안구","조원동",NA,3.75
"529","수원시","장안구","하광교동",NA,3.5
"530","수원시","장안구","화서동",NA,5.71428571428571
"531","수원시","팔달구","원천동",NA,5.5
"532","수원시","팔달구","이의동",NA,2
"533","순창군","구림면","안정리","미륵2교",2.1
"534","순창군","동계면","서호리","서호교",3.11111111111111
"535","순창군","유등면","유촌리","책암교",2.54545454545455
"536","순창군","적성면","고원리","적성교",1.75
"537","순천시","교량동","","동천과",6.33333333333333
"538","순천시","교량동","동천과","이사천",7
"539","순천시","상사면","용계리","댐앞",2
"540","순천시","상사면","용계리","주암역조정지댐",2
"541","순천시","송광면","대곡리","곡천2교",2
"542","순천시","승주읍","신성리","송전교",2
"543","순천시","승주읍","유평리",NA,2
"544","순천시","주암면","대광리","댐앞",2.18181818181818
"545","순천시","홍래동","","동천교",4.33333333333333
"546","순천시","홍래동","동천교",NA,4
"547","시흥시","정왕동","2207-16","군자8교",7
"548","시흥시","정왕동","2207-8","옥구8교",7
"549","신안군","압해면","복룡리",NA,7
"550","아산시","배방읍","구령리","1320",5.33333333333333
"551","아산시","배방읍","세교리","493",6
"552","아산시","배방읍","세교리(세월교)",NA,7
"553","아산시","배방읍","휴대리","휴대교",5
"554","아산시","선장면","군덕리",NA,4
"555","아산시","염치읍","강청리","강청교",5.83333333333333
"556","아산시","인주면","대음리",NA,6
"557","아산시","인주면","문방리","방조제",5.5
"558","안동시","길안면","지례리",NA,3.25
"559","안동시","남후면","검암리","검암교",3.2
"560","안동시","남후면","단호리","단호교",3.14285714285714
"561","안동시","상아동","석주로","264(상아동",4.55555555555556
"562","안동시","성곡동","댐앞",NA,2.24
"563","안동시","송천동(포진교","상류","500m지점)",2.66666666666667
"564","안동시","옥야동","","안동교",5.5
"565","안동시","용상동","용정교",NA,4.125
"566","안동시","일직면","귀미리","팽목교",2.16666666666667
"567","안동시","임동면","마동",NA,2
"568","안동시","임동면","중평리","중평교",3.75
"569","안동시","임하면","노산동",NA,2
"570","안동시","임하면","배방리","무명교",3.125
"571","안동시","임하면","신덕리","신덕교",5.75
"572","안동시","임하면","천전리","댐앞",3.9047619047619
"573","안동시","풍산읍","막곡리(송야천교)","송야천교",3.74285714285714
"574","안동시","풍산읍","하리리","하리교",3.2
"575","안동시","풍천면","구담리","구담교",3.5
"576","안동시","풍천면","구호리","구호교",5.5
"577","안동시","풍천면","신성리","신성교",3.15384615384615
"578","안동시","풍천면","신성리","안동시-예천군",3.11111111111111
"579","안산시","단원구","성곡동","776",7
"580","안산시","단원구","성곡동","780",7
"581","안산시단원구","성곡동","789","시흥6교",7
"582","안성시","고삼면","신창리",NA,4
"583","안성시","공도읍","건천리","안성천교",5.85714285714286
"584","안성시","금광면","","안성교",4.75
"585","안성시","금광면","안성교",NA,3
"586","안성시","미양면","정동리","494-5",7
"587","안성시","양성면","난실리","난실교",4.79166666666667
"588","안성시","양성면","쌍지리",NA,4
"589","안성시","일죽면","방초리(아송교)",NA,4.94736842105263
"590","안성시","일죽면","주천리",NA,3.7
"591","안양시","동안구","관양동(인덕원교)",NA,4.3
"592","안양시","동안구","호계동","호계교",4
"593","안양시","동안구","호계동(산본2교)",NA,4.9375
"594","안양시","동안구","호계동(호계교)",NA,5.07692307692308
"595","안양시","비산동","","비산대교",4
"596","안양시","비산동","비산대교",NA,7
"597","양구군","남면","석현리","양구선착장앞",2
"598","양구군","방산면","천미리","댐앞",2
"599","양구군","양구읍","정림리","정림교",2
"600","양산시","교동","","영대교",3
"601","양산시","덕계동",NA,NA,5
"602","양산시","동면","가산리","호포교",4.14285714285714
"603","양산시","물금읍","물금리","물금",4.11111111111111
"604","양산시","상북면","소토리","효성교",4.5
"605","양산시","원동면","대리","고점교",1.7
"606","양산시","원동면","선리","",1.25
"607","양산시","원동면","선리","Paraiso앞:배내계곡",1
"608","양산시","원동면",NA,NA,1.25
"609","양양군","서면","용천리","용천교",2
"610","양양군","양양읍","남문리","양양교",2
"611","양양군","현남면","전포매리",NA,3
"612","양주시","덕정동",NA,NA,6.25
"613","양주시","마전동(암매교)",NA,NA,3.31818181818182
"614","양주시","백석읍","기산리(기산교)",NA,2
"615","양주시","봉양동(소래교)",NA,NA,4.66666666666667
"616","양주시","은현면","선암리","",7
"617","양천구","목동","","양화교",5
"618","양평군","강상면","교평리","양평교",2.95454545454545
"619","양평군","강상면","세월리(전북교)",NA,1.75
"620","양평군","강하면","전수리(전수교)",NA,2.5
"621","양평군","개군면","공세리","흑천교",3.57894736842105
"622","양평군","서종면","노문리(갈문다리교)",NA,4.36
"623","양평군","서종면","문호리(문호교)",NA,3.22222222222222
"624","양평군","서종면","수입리","수입교",5.75
"625","양평군","양서면","신원리","월계사앞",3.48148148148148
"626","양평군","양서면","양수리","한강물환경연구소앞",2.46875
"627","양평군","양서면","용담리(용담교)",NA,2
"628","양평군","양평읍","원덕리(원덕교)",NA,3.66666666666667
"629","양평군","옥천면","아신리","다루레기나루터",3.12658227848101
"630","양평군","옥천면","옥천리(옥천교)",NA,4.16666666666667
"631","양평군","용문면","광탄리","광탄교",4.5
"632","양평군","지평면","곡수리(곡수교)",NA,3
"633","여수시","돌산읍","우두리","도실삼거리",3.57142857142857
"634","여수시","월내동","1031-2","간선수로",7
"635","여수시","월내동","4-5","상암천",4.75
"636","여수시","월하동","200-143","남수천",7
"637","여수시","중흥동","274-9","중흥천",6.75
"638","여주군","능서면","내양리","양화나루",3.46153846153846
"639","여주군","능서면","내양리","흥서교",5.4375
"640","여주군","능서면","번도리","길천교",4
"641","여주군","대신면","보통리","양촌교",3.2
"642","여주군","대신면","천남리","여주보",3.66666666666667
"643","여주군","대신면","천서리","이포대교,",4.5
"644","여주군","대신면","천서리","이포대교.",3.1
"645","여주군","북내면","가정리","금당교",3.28571428571429
"646","여주군","여주읍","단현리","강천보",2.5
"647","여주군","여주읍","홍문리","여주교",2
"648","여주군","점동면","원부리(원부교)",NA,5.24
"649","여주군","흥천면","효지리","흥천교",6
"650","여주시","가남면","상활리(상활교)",NA,5.05882352941176
"651","여주시","강천면","섬강로","287(강천리",4.90909090909091
"652","여주시","금사면","금사리(금사교)",NA,3
"653","여주시","능서면","백석리(율극교)",NA,5.38461538461539
"654","여주시","북내면","주암리(지산4교)",NA,1.94117647058824
"655","여주시","점동면","점동로","574-3(삼합리",4.83333333333333
"656","여주시","흥천면","다대리(흥천대교)",NA,5
"657","여주시","흥천면","상백리(상백교)","상백교",5.3
"658","연기면","갈매로","169(세종리","551-25.",4.625
"659","연기면","세종리","","송학교",5.14285714285714
"660","연동면","부래미","앞들길","122-34(합강리",5.28571428571429
"661","연동면","예양리","","미호교",5.22222222222222
"662","연서면","봉암리","1042","무명교",5
"663","연천군","군남면","남계리(임진나루터)","임진나루터",3
"664","연천군","왕징면","무등리","임진교",2.42857142857143
"665","연천군","장남면","원당리(사미천교)",NA,1.66666666666667
"666","연천군","전곡읍","마포리",NA,4.06666666666667
"667","연천군","전곡읍","온대리",NA,2.5
"668","연천군","전곡읍","전곡리","고탄교",3.66666666666667
"669","연천군","전곡읍","전곡리","사랑교",3.25
"670","연천군","청산면","대전광역시리","대전교",6.42857142857143
"671","연천군","청산면","백의리","백의교",4.37037037037037
"672","연천군","청산면","초성리((구)초성교)",NA,6.33333333333333
"673","연천군","청산면","초성리(강서교)",NA,7
"674","영광군","영광읍","덕호리","와탄교",6
"675","영덕군","병곡면","송천리","송천교",5
"676","영덕군","영덕읍","남산리","영덕대교",1
"677","영동군","매곡면","장척리","내장교",2
"678","영동군","매곡면",NA,NA,2.57142857142857
"679","영동군","심천면","고당리","양강교",2
"680","영동군","심천면","심천리","심천교",2.5
"681","영동군","심천면","초강리","초강교",3.38461538461538
"682","영동군","영동읍","부용리",NA,3.71428571428571
"683","영동군","황간면","금계리","용암교",2.5
"684","영동군","황간면","우매리(반야사","상류",4.1
"685","영등포구","양평동","","성산대교",7
"686","영암군","군서면","","해창교",4
"687","영암군","금정면","연소리","한대교",2.3125
"688","영암군","삼호읍","난전리","1687-1",4
"689","영암군","삼호읍","산호리","영암연락수로",3.7
"690","영암군","삼호읍","용당리","배수갑문앞",3.36842105263158
"691","영암군","서호면","금강리","닭머리앞",4.46153846153846
"692","영암군","시종면","구산리",NA,6.16666666666667
"693","영암군","시종면","신학리",NA,6
"694","영양군","영양읍","현리","양평교",2
"695","영양군","입암면","흥구리","홍구교",2.44444444444444
"696","영월군","김삿갓면","옥동리","옥동교",6
"697","영월군","남면","연당리","연당교",3.66666666666667
"698","영월군","상동읍","천평리",NA,4
"699","영월군","영월읍","덕포리","덕삼교",1
"700","영월군","영월읍","삼옥리","삼옥교",2
"701","영월군","영월읍","정양리","팔흥교",5.28571428571429
"702","영월군","영월읍","하송리","팔괴교",4.2
"703","영월군","한반도면","신천리","신천교",4.6
"704","영주시","문수면","월호리","월호교",2.81818181818182
"705","영주시","문수면","탄산리","승평교",2.75
"706","영주시","이산면","석포리","1449-1",4
"707","영주시","이산면","신천리","1273-36",4.83333333333333
"708","영주시","장수면","소룡리","무명교",2.83333333333333
"709","영주시","평온면","천본리","와평교",2.75
"710","영주시","평은면","강동리","1283-2",4.6
"711","영주시","평은면","용혈리","미림교",4.66666666666667
"712","영주시","평은면","용혈리","산",5
"713","영천시","금호읍","신대리","신대잠수교",5.11111111111111
"714","영천시","서산동","","서산교",4.14285714285714
"715","영천시","서산동","서산교",NA,3.5
"716","영천시","임고면","삼매리","삼매교",3.8695652173913
"717","영천시","자양면","삼매동","댐앞",3.8
"718","영천시","자양면","용산동","상기교",4.4
"719","영천시","자양면","충효리","도일교",1
"720","영천시","청통면","죽정리","송천교",3.85714285714286
"721","영천시","화북면","입석리","604-2",4
"722","예산군","고덕면","구만리","구만교",4
"723","예산군","광시면","동산리","동산교",4.5
"724","예산군","광시면","신대리","신대교",3
"725","예산군","대흥면","송지리",NA,4
"726","예산군","대흥면","지곡리","댐앞",5.28571428571429
"727","예산군","삽교읍","두리","충의대교",4
"728","예산군","예산읍","창소리","신례원교",5.8
"729","예천군","감천면","벌방리","벌방교",2.33333333333333
"730","예천군","개포면","경진리","경진교",3.66666666666667
"731","예천군","개포면","동송리","내성천",2
"732","예천군","보문면","우래리","우래교",3.5
"733","예천군","용궁면","무이리","금천교하류1㎞",2.875
"734","예천군","용궁면","송암리","송암교",4.5
"735","예천군","용궁면","향석리","성저교",2.71428571428571
"736","예천군","지보면","마전리","지인교",3
"737","예천군","풍양면","삼강리","삼강교.",5
"738","예천군","풍양면","하풍리","영풍교",4
"739","예천군","호명면","월포리","고평교",3
"740","오산시","누읍동","","무명교.",5.83333333333333
"741","오산시","은계동","","금오대교",4.16666666666667
"742","옥천군","군북면","대정리",NA,2.61111111111111
"743","옥천군","군북면","옥지로","357(지오리",1.5
"744","옥천군","동이면","우산리",NA,2
"745","옥천군","동이면","적하리",NA,2.71428571428571
"746","옥천군","안내면","장계리","장계교",3.53846153846154
"747","옥천군","이원면","이원심천로","56(원동리",2
"748","옥천군","청산면","대성리","대성리암",2.85714285714286
"749","옥천군","청성면","고당리",NA,2
"750","완도군","군외면","대문리","대문교",2
"751","완주군","고산면","성내리","오성교",4.5
"752","완주군","동상면","대아리","댐앞",1
"753","완주군","동상면","대아리",NA,1.42857142857143
"754","완주군","삼례읍","","삼선철교",3.5
"755","완주군","삼례읍","석전리","331-50",3
"756","완주군","소양면","황운리","황운교",2
"757","완주군","용진면","상운리","소양교",2
"758","완주군","화산면","운제리","댐앞",4
"759","완주군","화산면","운제리","먹머리골앞",2
"760","용산구","이촌동","","한강대교",4.18181818181818
"761","용산구","이촌동","한강대교",NA,3
"762","용산구","한남동","","한남대교",4
"763","용인시","기흥구","농서동","영천교",4.75
"764","용인시","기흥구",NA,NA,7
"765","용인시","기흥읍","공세리",NA,4.69230769230769
"766","용인시","기흥읍","농서리",NA,4.5
"767","용인시","기흥읍","하갈리","일양약품",4.85714285714286
"768","용인시","모현면","왕산리","왕산교",3.33333333333333
"769","용인시","이동면","송전리",NA,3
"770","용인시","처인구","김량장동(마평교)","마평교",3
"771","용인시","처인구","남사면","봉명리",4.71428571428571
"772","용인시","처인구","남사면","원암리",5.16666666666667
"773","용인시","처인구","모현면","능원리(선죽교)",2.45454545454545
"774","용인시","처인구","모현면","매산리(매산교)",3.63636363636364
"775","용인시","처인구","모현면","초부리(초부교)",3.33333333333333
"776","용인시","처인구","운학동","삼삼교",1.25
"777","용인시","포곡면","삼계리","삼계교",3
"778","울주군","두동면","삼정리",NA,3.125
"779","울주군","두동면","천전리","댐하류",3.47058823529412
"780","울주군","두서면","미호리",NA,3.66666666666667
"781","울주군","범서면","사연리","댐앞",3.22222222222222
"782","울주군","범서읍","구영리","구영교",2.28571428571429
"783","울주군","범서읍","망성리","망성교",2.8
"784","울주군","삼남면","신화리","쌍수보",2.57142857142857
"785","울주군","삼동면","작동리","작동교",5.33333333333333
"786","울주군","삼동면","하잠리","대암댐상류",3.33333333333333
"787","울주군","상북면","길천리","지헌교",1.71428571428571
"788","울주군","상북면","덕현리","청운교",1.625
"789","울주군","상북면","소호리","무명교",1.84615384615385
"790","울주군","언양읍","구수리","댐앞",3.27272727272727
"791","울주군","언양읍","구수리",NA,2.52380952380952
"792","울주군","언양읍","대곡리","화랑벽화",2.8
"793","울주군","언양읍","반송리","구수교",2.8
"794","울주군","언양읍","반송리","대암교",3.25
"795","울주군","언양읍","반연리",NA,3.21052631578947
"796","울주군","온산읍","산암리","950",6
"797","울주군","온산읍","삼평리","상회2교",4.25
"798","울주군","온산읍","원산리","1206",3
"799","울주군","온산읍","이진리","147-1",6.5
"800","울주군","웅촌면","곡천리","초전교",3.66666666666667
"801","울주군","웅촌면","대대리","회야교",1
"802","울주군","청량면","방류구","부근",3
"803","울주군","청량면","상남리","1-7",4
"804","울주군","청량면","상남리","100-8",7
"805","울주군","청량면","취수탑","부근",3.66666666666667
"806","울진군","서면","전곡리","",2
"807","울진근","근남면","수산시","수산교　",5.33333333333333
"808","원주시","개운동","","치악교",7
"809","원주시","문막읍","","동화교",2.5
"810","원주시","문막읍","문막리","문막교",3
"811","원주시","문막읍","반계리(도전2교)",NA,1.85
"812","원주시","부론면","단강리","덕은교",3.8
"813","원주시","부론면","법천리","남한강대교",5.75
"814","원주시","지정면","간현리","지정대교",4
"815","원주시","지정면","판대리",NA,2.375
"816","원주시","호저면","옥산리","옥산교",4.36842105263158
"817","원주시","호저면","주산리","188-8",5.25
"818","유성구","문평동","","금강합류",5
"819","유성구","문평동","금강합류","0.5㎞전",5.75
"820","유성구","신구교",NA,NA,5.5
"821","유성구","전민동","","갑천교",4
"822","음성군","감곡면","왕장리","44-1",5.75
"823","음성군","대소면","내산리","491",4.57142857142857
"824","음성군","삼성면","천평리",NA,7
"825","의령군","낙서면","상포리(상포교)","상포교",3
"826","의령군","의령읍","정암리","백야교",5
"827","의령군","의령읍","정암리","정암철교",3.5
"828","의령군","지정면","함의로","1164-5(마산리",3
"829","의성군","다인면","산내리(용승교)","무명교",4
"830","의성군","단밀면","속암리","단밀잠수교",4
"831","의성군","비안면","쌍계리","쌍계초교앞",2.5
"832","의왕시","삼동","","금천2교",4.57142857142857
"833","의정부시","신곡동","","신곡교",4.33333333333333
"834","의정부시","신곡동","신곡교",NA,4
"835","이천시","마장면","양촌리(봉바위교)",NA,4
"836","이천시","부발읍","무촌리","제방",5.66666666666667
"837","이천시","율면","신추리(행죽보)",NA,5.13636363636364
"838","이천시","율면","총곡리(충곡교)",NA,2.9375
"839","이천시","장호원읍","장호원리",NA,3
"840","이천시","장호원읍","장호원리(익금2교)",NA,4.10714285714286
"841","익산시","금강동","922-2","신기교",6.33333333333333
"842","익산시","성당면","부곡리","연동교",7
"843","익산시","춘포면","오산리","948-14",5.66666666666667
"844","익산시","춘포면","용연리","용연교",4
"845","익산시","춘포면","인수리","인수교",3
"846","인제군","남면","부평리","신남선착장앞",2.52941176470588
"847","인제군","남면","상수내리","양구교",2.35294117647059
"848","인제군","북면","한계리",NA,1.5
"849","인제군","인제읍","고사리","무명교",3.66666666666667
"850","인제군","인제읍","남북리","사구미교",1
"851","인제군","인제읍","덕산리","리빙스톤교",3.55555555555556
"852","인제군","인제읍","합강리","합강교",3
"853","임실군","강진면","용수리","댐앞",3
"854","임실군","강진면","용수리","섬진강댐",3
"855","임실군","관촌면","방수리","회초천합류전",2.16666666666667
"856","임실군","삼계면","후천리","광제3교",2.42857142857143
"857","임실군","운암면","운정리","운암수갱앞",3
"858","임실군","운암면","학암리","임운교",2
"859","장군면","도계리","","대교",2.33333333333333
"860","장군면","석장리",NA,NA,4.28571428571429
"861","장성군","남면","행정리","월정1교",4.6
"862","장성군","북하면","대흥리","용산교",1.27272727272727
"863","장성군","삼계면","덕산리","댐앞",2.5
"864","장성군","장성읍","봉덕리","댐앞",2.52173913043478
"865","장성군","장성읍","영천리","진두보",2.5
"866","장성군","장성읍","용강리",NA,2.42857142857143
"867","장성군","진원면","산동리","새마을교",3.42857142857143
"868","장성군","진원면","학림리","마을교량",4.14285714285714
"869","장성군","황룡면","장산리","제2황룡교",2
"870","장수군","번암면","죽림리",NA,1.6
"871","장수군","산서면","사상리","영천교",2.23076923076923
"872","장흥군","부산광역시면","기동리","별천교",2.5
"873","장흥군","유치면","관동리",NA,5
"874","장흥군","유치면","대리","댐앞",2.63157894736842
"875","장흥군","유치면","덕산리",NA,3.26923076923077
"876","장흥군","유치면","신월리",NA,2.84
"877","장흥군","유치면","용문리",NA,3.90909090909091
"878","장흥군","유치면","운월리","운월교",2.25
"879","장흥군","유치면",NA,NA,2.5
"880","장흥군","장흥읍","순지리","세월교",3.28571428571429
"881","장흥군","장흥읍","순지리",NA,3
"882","전주시","덕진구","고랑동","미산교",6.4
"883","전주시","덕진구","전미동1가","하리교",3.55555555555556
"884","전주시","덕진구","팔복동","960-11",5
"885","전주시","덕진구","팔복동2가","추천대교",3
"886","전주시","완산구","다가동","다가교",2
"887","전주시","완산구","덕진구","진북동",2
"888","전주시","완산구","동서학동","승암교",1
"889","전주시","완산구","서신동","",2
"890","전주시","완산구","서신동","서곡교",3.33333333333333
"891","전주시","완산구","평화동3가","삼천취수장",3
"892","전주시","완산구","효자동2가","이동교",3.5
"893","정선군","남면","낙동리","낙동교",7
"894","정선군","북평면","나전리","나전교",4.9375
"895","정선군","북평면","남평리","남평대교",4.87096774193548
"896","정선군","사북읍","사북리","사북1교",1
"897","정선군","여량면","여량리","여량1교",5.75
"898","정선군","여량면","유천리","송천교",4
"899","정선군","정선읍","광하리","광하교",7
"900","정선군","정선읍","봉양리","정선제1교",4.25
"901","정선군","정선읍","봉양리","정선제2교",2
"902","정선군","정선읍","애산리","애산교",1.5
"903","정읍시","공평동","","해평교",4
"904","정읍시","산내면","매죽리","매죽교",2
"905","정읍시","산내면","장면리","사승나루터앞",2.875
"906","정읍시","송산동","송령교",NA,2
"907","정읍시","신태인읍","","신태인대교",2
"908","정읍시","신태인읍","구석리","궁사교",5
"909","정읍시","연지동","","연지교",2
"910","정읍시","영원면","앵성리","앵성교",5.66666666666667
"911","정읍시","옹동면","산성리","행정교",2
"912","정읍시","이평면","하송리","만석대교",4.8
"913","정읍시","하모동","","모촌교",2
"914","제주특별자치시시","외도일동","","외도교",3
"915","제주특별자치시시","한림읍","옹포리","월계교",4
"916","제천시","백운면","평동리","평동교",2.71428571428571
"917","제천시","봉양읍","연박리","연박2교",4
"918","제천시","영천동","","신동대교",5
"919","제천시","영천동","신동대교",NA,5
"920","제천시","청풍면","양평리","청풍교",2.6
"921","제천시","한수면","황강리","황강나루",2.5
"922","조치원읍","번암리","세월교",NA,4.125
"923","조치원읍","상리","","조천교",3
"924","중구","다운동(척과교)","전원교",NA,1.5
"925","중구","무교동","","모전교",2
"926","중구","무교동","모전교",NA,1.5
"927","중구","반구동","","내황교",3
"928","중구","반구동","내황교",NA,4
"929","중구","산성동","","버드내다리",2
"930","중구","선화동","","영교",2.33333333333333
"931","중구","옥계동","","옥계교",2
"932","중구","유천동","유등교",NA,2
"933","중구","침산동","","침산교",2
"934","증평군","증평읍","초중리","증평대교",3.33333333333333
"935","진도군","진도읍","남동리","쉬미제방",4
"936","진안군","상전면","항동리",NA,2
"937","진안군","안천면","삼락리","댐앞",2
"938","진안군","안천면","승금리",NA,2
"939","진안군","용담면","송풍리","신감동교",2.85714285714286
"940","진안군","정천면","모정리",NA,1.76923076923077
"941","진안군","정천면","월평리","구암교",1.8
"942","진안군","진안읍","가막리","가막교",2.66666666666667
"943","진안군","진안읍","운산리",NA,3.5
"944","진주시","금곡면","동례리","엄정교",3.47058823529412
"945","진주시","내동면","","오목교",2
"946","진주시","대평면","하촌리",NA,2.14285714285714
"947","진주시","문산읍","삼곡리(옥산교)","옥산교",5.5
"948","진주시","미천면","효자리","합천군-진주시경계",2.9
"949","진주시","지수면","청담리","장박교",2.66666666666667
"950","진주시","초전동","","금산교",2.5
"951","진주시","칠암동","","진양교",4
"952","진주시","판문동","댐앞",NA,1.36842105263158
"953","진천군","광혜원면","월성리","환경시설관리공단",4.5
"954","진천군","덕산면","한천리","",4.25
"955","진천군","문백면","구곡리","농다리",5.66666666666667
"956","진천군","문백면","도하리","모정교",4
"957","진천군","백곡면","석현리","상송교",3.75
"958","진천군","이월면","미잠리","미리실교",5.16666666666667
"959","진천군","진천읍","신정리",NA,3
"960","진천군","초평면","오갑리","오갑교",5.5
"961","진천군","초평면","용정리","용정교",2
"962","창녕군","남지읍","남지리","남지제1교",4.85714285714286
"963","창녕군","남지읍","대곡리","박진교",4.33333333333333
"964","창녕군","대지면","왕산리","왕산교",3.33333333333333
"965","창녕군","부곡면","비봉리","잠수교",2.42857142857143
"966","창녕군","부곡면","청암리","임해진나루",4
"967","창녕군","유어면","가항리","유어교",6
"968","창녕군","유어면","풍조리",NA,4
"969","창원시","동읍","죽동리","용산마을(수문앞)",5
"970","창원시","마산회원구","내서읍","호계리",2
"971","창원시","마산회원구","봉암동","659",7
"972","창원시","성산구","신촌동","72-3",7
"973","창원시","의창구","대산면","유등리",6.30769230769231
"974","창원시","의창구","동읍","본포리",4.16666666666667
"975","창원시","의창구","사화동(창원천교)","산호교",4.66666666666667
"976","창원시","의창구","차용동","차룡교　",3
"977","창원시","회원구","양덕동","산호교",5
"978","창원시의창구","팔용동","3-13","유통교",3.28571428571429
"979","천안시","동남구","다가동","다가교",4.6
"980","천안시","동남구","청수동","",4.66666666666667
"981","천안시","동면","화덕리","세월교",4.8
"982","천안시","서북구","성환읍","복모리",5.625
"983","천안시","서북구","성환읍","안궁리",3.25
"984","천안시","성거읍","천흥리","정촌1교",4
"985","철원군","갈말읍","군탄리",NA,3.875
"986","청도군","금천면","소천리","석현교",2.70588235294118
"987","청도군","매전면","구촌리","무명교",2
"988","청도군","운문면","대천리","댐앞",2
"989","청도군","운문면","서지리",NA,2
"990","청도군","청도읍","유호리","후심교",5
"991","청송군","안덕면","고와리","고와2교",4.85714285714286
"992","청송군","안덕면","성덕댐로","1191",3.5
"993","청송군","파천면","관리","덕천교",3.57142857142857
"994","청송군","파천면","어천리","용전천",2.25
"995","청송군","파천면","어천리",NA,2.66666666666667
"996","청양군","목면","신흥리","신흥양수장.",4.42857142857143
"997","청양군","장평면","구룡리","지천교",4.5
"998","청양군","청남면","금강변로","724-124(중산리",4.66666666666667
"999","청주시","강외면","궁평리(미호천교)","미호천교",6
"1000","청주시","강외면","쌍청리(쌍청교)","쌍청교",5.33333333333333
"1001","청주시","남일면","신송리(신송교)","신송교",4
"1002","청주시","문의면","덕유리(댐앞)","댐앞",2.125
"1003","청주시","문의면","상장리(청주취수장앞)","청주취수장앞",2.35294117647059
"1004","청주시","미원면","옥화리(계원교)","계원교",4.14285714285714
"1005","청주시","상당구","서문동","서문대교",5
"1006","청주시","상당구","외하동","팔결교",5
"1007","청주시","서원구","현도면","노산하석로",2.28571428571429
"1008","청주시","오창읍","성재리(강정마을","입구",3.75
"1009","청주시","오창읍","여천리(여암교)","여암교",5.8
"1010","청주시","옥산면","신촌리(옥산교)","옥산교",7
"1011","청주시","현도면","시목리","577-4",3
"1012","청주시","현도면","하석리(대청교)","대청교",2.94117647058824
"1013","청주시","흥덕구","강서동","",5.25
"1014","청주시","흥덕구","문암동","철교.",3.71428571428571
"1015","청주시","흥덕구","지동동","417-1",5.5
"1016","춘천시","동면","장학리","794-24",3.25
"1017","춘천시","북산면","오항리",NA,2
"1018","춘천시","사북면","신포리","도선장앞",4.5
"1019","춘천시","삼천동","","공지천교",3.5
"1020","춘천시","삼천동","공지천교",NA,4
"1021","춘천시","서면","신매리","신매대교",5.33333333333333
"1022","춘천시","서면","안보리","춘성대교",2
"1023","춘천시","서면","오월리","댐앞",5.57142857142857
"1024","춘천시","서면","현암리","금산선착장앞",5
"1025","춘천시","석사동","","석사교",2.33333333333333
"1026","춘천시","석사동","석사교",NA,3
"1027","춘천시","신동면","의암리","신연교",3.29411764705882
"1028","춘천시","신북읍","용산리","춘천댐",2
"1029","춘천시","신북읍","용산리","취수장앞",2
"1030","춘천시","신북읍","천전리","댐앞",2
"1031","춘천시","신북읍","천전리","세월교",3.42857142857143
"1032","춘천시","온의동","","온의교",3
"1033","춘천시","온의동","온의교",NA,7
"1034","춘천시","중도동","중도나루앞",NA,2
"1035","충주시","가금면","","목계교",2
"1036","충주시","가금면","창동리","탄금교",5
"1037","충주시","금가면","1",NA,3.75
"1038","충주시","금가면","탑평리","중앙탑앞",3
"1039","충주시","단월동","","단월교",6
"1040","충주시","단월동","단월교",NA,5.75
"1041","충주시","목행동","","목행교.",2
"1042","충주시","산척면","명서리","명서교",3.66666666666667
"1043","충주시","산척면","석천리","무명교",5.2
"1044","충주시","산척면","영덕리","문래교",2
"1045","충주시","살미면","문강리","문강교",2
"1046","충주시","수안보면","온천리","한화콘도입구다리",7
"1047","충주시","앙성면","본평리","본평교",2.33333333333333
"1048","충주시","이류면","검단리","상검단교",3.5
"1049","충주시","종민동","","댐앞",2.83333333333333
"1050","충주시","종민동","(충원교)","충원교",4.5
"1051","충주시","종민동","댐앞",NA,2.55555555555556
"1052","충주시","칠금동","","상방교",7
"1053","칠곡군","기산면","주산로","1166-39(행정리",4
"1054","칠곡군","동명면","봉암리","동호교",5.05
"1055","칠곡군","북삼읍","강변서로","666(오평리",3.83333333333333
"1056","칠곡군","석적읍","중지리","칠곡보",3.88461538461538
"1057","칠곡군","왜관읍","금산리","848-16",5.66666666666667
"1058","태백시","동점동","","동점역앞",1
"1059","태백시","동점동","","혈내촌앞",2
"1060","태백시","동점동","","혈내촌앞다리",1
"1061","태안군","남면","양잠리",NA,7
"1062","태안군","태안읍","평천리","하수처리장부근",6.4
"1063","파주시","광탄면","방축리",NA,4
"1064","파주시","교하읍","하지석리(곡릉천교)","공릉천교",6.5
"1065","파주시","문산읍","내포리","임월교",5.45833333333333
"1066","파주시","문산읍","운천리","통일대교",6.14285714285714
"1067","파주시","상지석동(성석소교량)",NA,NA,7
"1068","파주시","적성면","가월리",NA,4
"1069","파주시","조리읍","","봉일천교",6
"1070","파주시","파주읍","봉암리",NA,4.5
"1071","파주시","파평면","두포리","전진교",4
"1072","파주시","파평면","장파리","리비교",4
"1073","평창군","대관령면","용산리","용산교",4.33333333333333
"1074","평창군","대화면","대화리","개수교",5
"1075","평창군","진부면","하진부리","하진부교",2
"1076","평창군","평창읍","도돈리","도돈교",1.66666666666667
"1077","평택시","고덕면","해창리","궁안교,",6.66666666666667
"1078","평택시","고덕면","해창리","궁안교.",6
"1079","평택시","군문동","","군문교",5.88888888888889
"1080","평택시","서탄면","금암리","금암교",5
"1081","평택시","서탄면","회화리",NA,6
"1082","평택시","오성면","길음리",NA,7
"1083","평택시","장당동","178-3","모곡동삼거리",6.7
"1084","평택시","진위면","봉남리",NA,3
"1085","평택시","청북면","한산리","어소교",6.71428571428571
"1086","평택시","포승읍","원정리","산",6.5
"1087","평택시","현덕면","권관리","방조제앞",6.25
"1088","평택시","현덕면","신왕리","신왕나루앞",5
"1089","포천시","관인면","냉정리","용담교",4.5
"1090","포천시","내촌면","마명리(운보교)",NA,2
"1091","포천시","소흘읍","직동리(육림교)",NA,3.68181818181818
"1092","포천시","신북면","만세교리","134-3",3
"1093","포천시","영중면","성동리",NA,2
"1094","포천시","영중면","양문리",NA,3
"1095","포천시","영중면","영송리","497-4",3.5
"1096","포항시","남구","상도동","연일대교",2.6
"1097","포항시","남구","연일읍","오천리",2.33333333333333
"1098","포항시","남구","청림동","냉천교",1.5
"1099","포항시","죽장면","하사리","병보천말단-신풍저수지",1.71428571428571
"1100","포항시남구","연일읍","오천리","남천교",4.63636363636364
"1101","하남시","신장2동",NA,NA,3
"1102","하남시","창우동","","산곡교",2.5
"1103","하동군","악양면","미점리","알프스모텔앞",2.66666666666667
"1104","하동군","옥종면","두양리","두양교",1.1304347826087
"1105","하동군","적량면","고절리","대석교",2
"1106","하동군","진교면","진교리","금양교　",3
"1107","하동군","청암면","","시목교",4.5
"1108","하동군","하동읍","읍내리","섬진교",2.24
"1109","하동군","화개면","탑리(남도대교)","영당앞",2.85714285714286
"1110","하동군","횡천면","학리","마치교",3.5
"1111","함안군","대산면","장암리","거룡강수위국",3.375
"1112","함안군","법수면","","악양나루터",4
"1113","함안군","칠북면","이령리","창녕함안보",4.36363636363636
"1114","함안군","칠서면","","천릉교",2
"1115","함안군","칠서면","계내리","남지교",4.97058823529412
"1116","함안군","칠서면","이룡리","소량교",3
"1117","함안군","칠서면","이룡리","이룡교",5
"1118","함안군","칠원면","예곡리","내담교",4.75
"1119","함안군","함안면","대산리","대사교",4.5
"1120","함양군","안의면","금천리","안의교",1.5
"1121","함양군","유림면","웅평리","대웅교",2
"1122","함양군","유림면","화촌리","임천교",2
"1123","함양군","함양읍","용평리","제2함양교",3
"1124","함평군","나사면","용두리","선박교",4.75
"1125","함평군","나산면","덕림리","죽림교",2.33333333333333
"1126","함평군","나산면","이문리","돈내보",3.5
"1127","함평군","월야면","계림리","마을교량",4
"1128","함평군","학교면","","기산교",3
"1129","함평군","학교면","고막리",NA,6
"1130","함평군","학교면","곡창리","",5.71428571428571
"1131","함평군","학교면","석정리","새마을교",5.5
"1132","합천군","가야면","치인리",NA,3
"1133","합천군","가회면","함방리","무명교",2.92857142857143
"1134","합천군","대병면","댐앞",NA,4
"1135","합천군","대병면","죽죽리","취수구앞",4.5
"1136","합천군","덕곡면","율지1길","28-1(율지리",4.86206896551724
"1137","합천군","덕곡면","율지리","합천창녕보",4.75
"1138","합천군","봉산면","봉계리",NA,5.33333333333333
"1139","합천군","봉산면","술곡리","술곡교",2.3
"1140","합천군","삼가면","외토리(신점교)","신점교",4.09090909090909
"1141","합천군","적중면","죽고리","황강교",2.5
"1142","합천군","청덕면","앙진리","적포교",3.85714285714286
"1143","합천군","청덕면","적포리","청덕교",3.2
"1144","해남군","계곡면","잠두리","뜬섬",4.5
"1145","해남군","산이면","부동리","배수갑문",4
"1146","해남군","황산면","관춘리","금호1호",4.5
"1147","해남군","황산면","연당리","죽도",5
"1148","해운대구광역시","우동","우동교",NA,7
"1149","홍성군","갈산면","오두리",NA,7
"1150","홍성군","갈산면","행산리","행산교",3.42857142857143
"1151","홍성군","광천읍","소암리","소암교",5.5
"1152","홍성군","서부면","궁리","댐앞",7
"1153","홍천군","두촌면","철정리","철정교",1.33333333333333
"1154","홍천군","북방면","하화계리","674",3.6
"1155","홍천군","서면","마곡리","충의대교",3
"1156","홍천군","서면","어유포리","팔봉교",2.5
"1157","홍천군","홍천읍","연봉리","홍천교",2
"1158","화성군","장안면","구문천리",NA,5
"1159","화성군","장안면","이화리","수문",5.75
"1160","화성군","장안면","장안리",NA,5.85714285714286
"1161","화성군","향남읍","구문천리","구문천1교",5.5
"1162","화성시","매송면","","시화호유입전　",4.66666666666667
"1163","화성시","매송면","시화호유입전",NA,4
"1164","화성시","매송면","원리","357-3",3.25
"1165","화성시","석우동",NA,NA,4
"1166","화성시","송산동","","송산교",5.33333333333333
"1167","화성시","안녕동","","세마교",5.5
"1168","화성시","양감면","","수직교",5.75
"1169","화성시","양감면","용소리","황구지교",5.88
"1170","화순군","남면","사평리","합수목다리",1
"1171","화순군","능주면","남정리","능주교",3.66666666666667
"1172","화순군","도곡면","신성리","신성교",3.85714285714286
"1173","화순군","도곡면","죽청리","죽청교",3
"1174","화순군","동복면","연둔리","세월교",2.33333333333333
"1175","화순군","동복면","연월리","댐앞",2.5
"1176","화순군","북면","맹리","맹리교",1.875
"1177","화순군","이서면","월산리",NA,2.75
"1178","화순군","이서면","창랑리","신기교",2.27272727272727
"1179","화천군","간동면","구만리","댐앞",2
"1180","화천군","간동면","구만리(구만교)","구만교",1.57142857142857
"1181","화천군","간동면","방천리","구봉산앞",3
"1182","화천군","화천읍","동촌리","두류봉앞",2.8
"1183","횡성군","갑천면","구방리","구방교",7
"1184","횡성군","갑천면","대관대리","댐축지점",2.625
"1185","횡성군","갑천면","부동리","댐중앙지점",2.5
"1186","횡성군","갑천면","율동리","잠수교",3
"1187","횡성군","갑천면","전촌리","전촌교",1.5
"1188","횡성군","갑천면","포동리","계천유입부",3
"1189","횡성군","공근면","수백리","수백교",4.33333333333333
"1190","횡성군","공근면","오산리","오산교",2
"1191","횡성군","안흥면","안흥리","안흥교",3
"1192","횡성군","청일면","유평리","유평교",1.5
"1193","횡성군","횡성읍","교항리","전천교",2.5
"1194","횡성군","횡성읍","묵계리","성남교",4
